{"cameraMode":{"drawMode":0,"name":"Shaded","section":"Shading Mode"},"sceneLighting":true,"audioPlay":false,"sceneViewState":{"m_AlwaysRefresh":false,"showFog":true,"showSkybox":true,"showFlares":true,"showImageEffects":true,"showParticleSystems":true,"showVisualEffectGraphs":true,"m_FxEnabled":true},"in2DMode":false,"pivot":{"x":-0.22305935621261598,"y":0.07996462285518646,"z":-0.09624779224395752},"rotation":{"x":-0.016805637627840043,"y":-0.018899092450737954,"z":0.00031770046916790307,"w":-0.9996839761734009},"size":0.5758719444274902,"orthographic":false}